--ORDERS DB:

CREATE TABLE SALESMAN (SALESMAN_ID INT(4),

NAME VARCHAR(20),

CITY VARCHAR(20),

COMMISSION VARCHAR(20),

PRIMARY KEY (SALESMAN_ID)

);
CREATE TABLE CUSTOMER (

CUSTOMER_ID INT(4),

CUST_NAME VARCHAR(20),

CITY VARCHAR(20),

GRADE INT(3),

SALESMAN_ID INT(4),

PRIMARY KEY (CUSTOMER_ID),

FOREIGN KEY (SALESMAN_ID) REFERENCES SALESMAN(SALESMAN_ID) ON DELETE SET NULL

);

 

CREATE TABLE ORDERS (

ORD_NO INT(5),

PURCHASE_AMT DECIMAL(10, 2),

ORD_DATE DATE,

PRIMARY KEY (ORD_NO),

CUSTOMER_ID INT(4),

SALESMAN_ID INT(4),

FOREIGN KEY (CUSTOMER_ID) REFERENCES CUSTOMER(CUSTOMER_ID) ON DELETE CASCADE,

FOREIGN KEY (SALESMAN_ID) REFERENCES SALESMAN(SALESMAN_ID) ON DELETE CASCADE

);

 

 

INSERT INTO SALESMAN VALUES (1000, 'JOHN', 'BANGALORE', '25 %');

INSERT INTO SALESMAN VALUES (2000, 'RAVI', 'BANGALORE', '20 %');

INSERT INTO SALESMAN VALUES (3000, 'KUMAR', 'MYSORE', '15 %');

INSERT INTO SALESMAN VALUES (4000, 'SMITH', 'DELHI', '30 %');

INSERT INTO SALESMAN VALUES (5000, 'HARSHA', 'HYDERABAD', '15 %');

 

 

 

INSERT INTO CUSTOMER VALUES (10, 'PREETHI', 'BANGALORE', 100, 1000);

INSERT INTO CUSTOMER VALUES (11, 'VIVEK', 'MANGALORE', 300, 1000);

INSERT INTO CUSTOMER VALUES (12, 'BHASKAR', 'CHENNAI', 400, 2000);

INSERT INTO CUSTOMER VALUES (13, 'CHETHAN', 'BANGALORE', 200, 2000);

INSERT INTO CUSTOMER VALUES (14, 'MAMATHA', 'BANGALORE', 400, 3000);

 

 

INSERT INTO ORDERS VALUES (50, 5000, '2017-05-04', 10, 1000);

INSERT INTO ORDERS VALUES (51, 450, '2017-01-20', 10, 2000);

INSERT INTO ORDERS VALUES (52, 1000, '2017-02-24', 13, 2000);

INSERT INTO ORDERS VALUES (53, 3500, '2017-04-13', 14, 3000);

INSERT INTO ORDERS VALUES (54, 550, '2017-03-09', 12, 2000);

 

 

--Queries:

--1

SELECT GRADE, COUNT(DISTINCT CUSTOMER_ID) 

FROM CUSTOMER 

GROUP BY GRADE 

HAVING GRADE > (SELECT AVG(GRADE) 

FROM CUSTOMER

WHERE CITY='BANGALORE');

 

 

--2

SELECT SALESMAN_ID, NAME 

FROM SALESMAN A 

WHERE 1 < (SELECT COUNT(*) 

FROM CUSTOMER 

WHERE SALESMAN_ID=A.SALESMAN_ID); 

 

 

--3

SELECT SALESMAN.SALESMAN_ID, NAME, CUST_NAME, COMMISSION 

FROM SALESMAN, CUSTOMER 

WHERE SALESMAN.CITY = CUSTOMER.CITY 

UNION 

SELECT SALESMAN_ID, NAME, 'NO MATCH', COMMISSION 

FROM SALESMAN 

WHERE NOT CITY = ANY 

(SELECT CITY 

FROM CUSTOMER) 

ORDER BY 2 DESC;

 

 

--4

CREATE VIEW ELITSALESMAN AS 

SELECT B.ORD_DATE, A.SALESMAN_ID, A.NAME 

FROM SALESMAN A, ORDERS B 

WHERE A.SALESMAN_ID = B.SALESMAN_ID 

AND B.PURCHASE_AMT=(SELECT MAX(PURCHASE_AMT) 

FROM ORDERS C 

WHERE C.ORD_DATE = 

B.ORD_DATE); 

select * from ELITSALESMAN;

 

 

--5

DELETE FROM SALESMAN 

WHERE SALESMAN_ID=1000;

SELECT * FROM SALESMAN;

--3.MOVIE
CREATE TABLE ACTOR (

  ACT_ID INT(3),

  ACT_NAME VARCHAR(20), 

  ACT_GENDER CHAR(1), 

  PRIMARY KEY (ACT_ID)

);
